{"cameraMode":{"drawMode":0,"name":"Shaded","section":"Shading Mode"},"sceneLighting":true,"audioPlay":false,"sceneViewState":{"m_AlwaysRefresh":false,"showFog":true,"showSkybox":true,"showFlares":true,"showImageEffects":true,"showParticleSystems":true,"showVisualEffectGraphs":true,"m_FxEnabled":true},"in2DMode":false,"pivot":{"x":0.2128429412841797,"y":1.4065614938735963,"z":2.9794905185699465},"rotation":{"x":0.06970559805631638,"y":0.5365206599235535,"z":-0.04453073441982269,"w":0.8398258686065674},"size":5.084583759307861,"orthographic":false}