{"cameraMode":{"drawMode":0,"name":"Shaded","section":"Shading Mode"},"sceneLighting":true,"audioPlay":false,"sceneViewState":{"m_AlwaysRefresh":false,"showFog":true,"showSkybox":true,"showFlares":true,"showImageEffects":true,"showParticleSystems":true,"showVisualEffectGraphs":true,"m_FxEnabled":true},"in2DMode":false,"pivot":{"x":1.3997654914855958,"y":0.7523117065429688,"z":2.8900585174560549},"rotation":{"x":0.13035403192043305,"y":0.21095170080661775,"z":-0.02839694358408451,"w":0.9683511853218079},"size":2.991405487060547,"orthographic":false}