{"cameraMode":{"drawMode":0,"name":"Shaded","section":"Shading Mode"},"sceneLighting":true,"audioPlay":false,"sceneViewState":{"m_AlwaysRefresh":false,"showFog":true,"showSkybox":true,"showFlares":true,"showImageEffects":true,"showParticleSystems":true,"showVisualEffectGraphs":true,"m_FxEnabled":true},"in2DMode":false,"pivot":{"x":2.581806182861328,"y":-3.2813141345977785,"z":1.8362208604812623},"rotation":{"x":0.4525337815284729,"y":-0.025413287803530694,"z":0.012902581132948399,"w":0.8912935256958008},"size":6.387681484222412,"orthographic":false}