{"cameraMode":{"drawMode":0,"name":"Shaded","section":"Shading Mode"},"sceneLighting":true,"audioPlay":false,"sceneViewState":{"m_AlwaysRefresh":false,"showFog":true,"showSkybox":true,"showFlares":true,"showImageEffects":true,"showParticleSystems":true,"showVisualEffectGraphs":true,"m_FxEnabled":true},"in2DMode":false,"pivot":{"x":6.27733850479126,"y":1.7104954719543458,"z":3.9076502323150636},"rotation":{"x":0.119989775121212,"y":0.022330593317747117,"z":-0.0027000296395272018,"w":0.9925216436386108},"size":3.568941593170166,"orthographic":false}