{"cameraMode":{"drawMode":0,"name":"Shaded","section":"Shading Mode"},"sceneLighting":false,"audioPlay":false,"sceneViewState":{"m_AlwaysRefresh":false,"showFog":true,"showSkybox":false,"showFlares":true,"showImageEffects":true,"showParticleSystems":true,"showVisualEffectGraphs":true,"m_FxEnabled":true},"in2DMode":false,"pivot":{"x":-0.054999347776174548,"y":0.9293186664581299,"z":0.5856286883354187},"rotation":{"x":0.16011781990528108,"y":-0.0014855541521683336,"z":0.00024052028311416507,"w":0.9870983958244324},"size":1.299038052558899,"orthographic":false}