{"cameraMode":{"drawMode":0,"name":"Shaded","section":"Shading Mode"},"sceneLighting":false,"audioPlay":false,"sceneViewState":{"m_AlwaysRefresh":false,"showFog":true,"showSkybox":false,"showFlares":true,"showImageEffects":true,"showParticleSystems":true,"showVisualEffectGraphs":true,"m_FxEnabled":true},"in2DMode":false,"pivot":{"x":1.4029994010925294,"y":0.2892141342163086,"z":-2.980232238769531e-7},"rotation":{"x":0.06970559805631638,"y":0.5365206599235535,"z":-0.04453073441982269,"w":0.8398258686065674},"size":0.5173555016517639,"orthographic":false}