{"cameraMode":{"drawMode":0,"name":"Shaded","section":"Shading Mode"},"sceneLighting":false,"audioPlay":false,"sceneViewState":{"m_AlwaysRefresh":false,"showFog":true,"showSkybox":false,"showFlares":true,"showImageEffects":true,"showParticleSystems":true,"showVisualEffectGraphs":true,"m_FxEnabled":true},"in2DMode":false,"pivot":{"x":-0.028985977172851564,"y":0.1313624531030655,"z":-0.0000743865966796875},"rotation":{"x":0.4525337815284729,"y":-0.025413287803530694,"z":0.012902581132948399,"w":0.8912935256958008},"size":0.35723060369491579,"orthographic":false}