{"cameraMode":{"drawMode":0,"name":"Shaded","section":"Shading Mode"},"sceneLighting":false,"audioPlay":false,"sceneViewState":{"m_AlwaysRefresh":false,"showFog":true,"showSkybox":false,"showFlares":true,"showImageEffects":true,"showParticleSystems":true,"showVisualEffectGraphs":true,"m_FxEnabled":true},"in2DMode":false,"pivot":{"x":1.5189335346221924,"y":0.41159680485725405,"z":0.14706166088581086},"rotation":{"x":0.21021851897239686,"y":0.010260295122861863,"z":-0.002206787932664156,"w":0.9775999784469605},"size":2.173426389694214,"orthographic":false}