{"cameraMode":{"drawMode":0,"name":"Shaded","section":"Shading Mode"},"sceneLighting":false,"audioPlay":false,"sceneViewState":{"m_AlwaysRefresh":false,"showFog":true,"showSkybox":false,"showFlares":true,"showImageEffects":true,"showParticleSystems":true,"showVisualEffectGraphs":true,"m_FxEnabled":true},"in2DMode":false,"pivot":{"x":0.2256801277399063,"y":1.1002753973007203,"z":-0.24847140908241273},"rotation":{"x":0.06970559805631638,"y":0.5365206599235535,"z":-0.04453073441982269,"w":0.8398258686065674},"size":1.638657569885254,"orthographic":false}